,announcement_id,type_source,estate_type,price,area,price_m2,room_count,meuble,postal_code,latitude,longitude,description,collected_date,data_source,type_owner,target
88238,slg_195624019,rentals,Maison,640.0,26.666666666666668,24.0,2.0,False,33700,,,"Maison/Villa
Location Maison/Villa - MERIGNAC 640 € Maison T1 bis en bon état de 27 m2. LOCATION COURTE DUREE. Comprenant une entrée, un séjour, une cuisine aménagée, une salle de bain et un WC. Proche transports et commerces. fd 210€",2022-12-17,seloger,0,0
62513,slg_187667431,sales,Appartement,336000.0,42.99974404914256,7814.0,2.0,False,94120,,,,2022-06-17,seloger,0,3
96018,slg_201172929,sales,Appartement,613700.0,50.0,12274.0,2.0,False,75013,,,"Appartement neuf
Appartement neuf à vendre - Appartement 2 pièces appartement 2 pièces de 50m2 Profitez également d'un balcon de 3m² Situé à PARIS dans une belle résidence de standing à venir. Au cœur de la Rive gauche à Paris 13e dans le nouveau quartier Masséna. Emplacement idéal à proximité de l'université Paris Diderot et à 10 min à pied de la gare [...]",2023-04-17,seloger,0,1
66192,slg_197323961,sales,Appartement,399000.0,42.0,9500.0,2.0,True,75013,,,"Un dernier étage au calme Métro TOLBIAC. En plein cœur du 13ème arrondissement, un appartement 3 pièces situé au 5ème et dernier étage d'un immeuble ancien comprenant; une entrée, une salle à manger avec cuisine ouverte, un séjour, une chambre, une salle de bains et un wc séparé. Une cave complète ce bien. Lumineux, au calme absolu, à visiter;",2023-01-29,seloger,0,0
37709,slg_183488673,sales,Appartement,249775.0,22.00079274200652,11353.0,1.0,True,94300,,,"Studio
Appartement à vendre - 94300 VINCENNES - METRO SAINT-MANDE - DERNIER ETAGE - BALCON 6m² - Efficity, L'agence qui estime votre bien en ligne, vous propose ce LUMINEUX studio de 22m² loi Carrez, avec un BALCON de 6m². Situé dans un bel immeuble ancien, il se compose d'une entrée avec de nombreux rangements, d'une pièce de vie de 12,5m² avec un grand [...]",2022-03-15,seloger,0,1
4409,slg_181384345,sales,Appartement,158000.0,56.00850762141085,2821.0,2.0,False,95300,,,"Appartement
IDEAL INVESTISSEUR!! Venez visiter ce grand 2 pièces qui n'attend qu'à être rénové. Conformément à l'article L.561-5 et suivants du Code Monétaire et Financier, il vous sera demandé de nous présenter une pièce d'identité avant chaque visite. Copropriété de 19 lots (Pas de procédure en cours). Charges annuelles : 720.00 euros.",2022-02-28,seloger,0,1
91023,slg_197208185,sales,Maison,127000.0,78.98009950248756,1608.0,3.0,False,16000,,,"Je vous invite à découvrir, cette maison de ville proche de toutes commodités, bus, écoles et commerces. Implantée sur une parcelle de terrain de 248m2, ce bien se compose d'une véranda donnant accès sur la cuisine, un salon, salle à manger avec double exposition et un toilette. L'étage vous accueil sur un palier desservant deux chambres et une salle de douche.Un garage indépendant complète ce bien. Taxe foncière : 1400 euros Double vitrage (2016-2018), couverture refaite (2014), isolation des combles datant de (2019). Travaux à prévoir (chauffage, électricité). Les informations sur les risques auxquels ce bien est exposé sont disponibles sur le site Géorisques : Prix de vente : 127 000 euros Honoraires charge vendeur Contactez votre conseiller SAFTI : Séverine BOULESTEIX - EI - Agent commercial immatriculé au RSAC de ANGOULEME sous le numéro 838 517 019",2023-01-27,seloger,0,1
47143,slg_184649873,sales,Appartement,232000.0,80.0,2900.0,4.0,True,95300,,,"Appartement
Appartement à vendre - EXCLUSIVITE DUPONT IMMOBILIER : PONTOISE. BEL APPARTEMENT avec Balcon et Box comprenant: entrée, cuisine meublée séparée, très belle pièce à vivre de plus de 33 m2 donnant sur balcon avec grandes baies vitées, Deux belles chambres (11,35 m2 et 12,55 m2), salle douches, wc. Deux Caves et Un Box. Nombreux rangements. TRES [...]",2022-04-23,seloger,0,1
11273,slg_182747585,sales,Maison,232000.0,40.0,5800.0,2.0,False,93270,,,"Maison/Villa
SPÉCIAL INVESTISSEUR OU PETIT BUDGET !! Maison de deux pièces à retaper entièrement vous pouvez si vous le désirez en attendant vous loger dans une dépendance de deux pièces quasiment terminée. Beaucoup de possibilités s'offrent à vous N'hésitez pas à nous appeler pour plus de renseignements. A VOIR !!",2022-03-09,seloger,0,1
44589,slg_184765259,rentals,Appartement,1360.0,42.5,32.0,2.0,True,75012,,,"Appartement
Location Appartement - Nation ou Daumesnil dans résidence récente 2 pièces meublé et refait à neuf de 42.04 m² Carrez et un balcon de 6.81 m², composé d'une entrée avec placards, d'un séjour de 16 m² sur balcon S/O au calme et sur jardin, d'une cuisine entièrement équipée, d'une chambre avec rangements, d'une salle de bains avec wc. Electricité [...]",2022-04-10,seloger,0,1
76080,slg_201092335,sales,Appartement,290000.0,32.30118066384495,8978.0,2.0,True,75013,,,"Appartement
Appartement à vendre - Appartement à vendre Paris 13ème, 2 pièces de 27,5m2 Loi carrez - 32,30 m2 de surface au sol, entre Olympiades et la Bibliothèque François Mitterand. 6ème et dernier étage sans ascenseur dans immeuble sur cour. Électricité et peinture refaites en 2022 dans l'appartement, parties communes du bâtiment de l'appartement [...]",2023-04-15,seloger,0,1
21297,slg_184591669,sales,Maison,270500.0,80.10068107787977,3377.0,4.0,False,77870,,,"Maison/Villa
Maison/Villa à vendre - Venez découvrir le nouveau lotissement de maisons neuves à taille humaine sur la paisible commune de Héricy. Proche de toutes commodités, la maison Sophora dispose au rez-de-chaussée d'un bel espace de vie bénéficiant d'une double exposition. À l'étage, vous trouverez 3 chambres spacieuses et une salle de bains avec WC. [...]",2022-04-28,seloger,0,1
14482,slg_183645833,rentals,Appartement,1000.0,58.8235294117647,17.0,2.0,False,33000,,,"Appartement
Location Appartement - Votre agence Abec Immobilier vous propose un appartement de type 2 entièrement refait à neuf de 58m2 situé 2 COURS DU MARÉCHAL JUIN, 1er étage droit, composé d'une entrée, une pièce de vie avec une cuisine ouverte et entièrement équipée (plaques, four, hotte, frigo et lave-vaiselle) donnant sur une terrasse intérieur de [...]",2022-03-16,seloger,0,1
62015,slg_187737667,rentals,Appartement,1100.0,57.89473684210526,19.0,3.0,False,33000,,,,2022-06-17,seloger,1,3
11929,slg_180248197,sales,Appartement,150000.0,49.00359359686377,3061.0,2.0,False,94520,,,"Appartement
Au coeur de Périgny Sur Yerres, bel appartement deux pièces au 2ème et dernier étage dans petite résidence au calme. Sympathique pièce de vie avec espace nuit en mezzanine. Cuisine US aménagée et en partie équipée, une salle d'eau avec wc. l'ensemble décoré avec goût. Surface utile 49 m² (37.34 m² en loi carrez) Un parking sécurisé en sous-sol comp",2022-03-09,seloger,0,1
60058,slg_187307839,sales,Appartement,569000.0,54.0977372123978,10518.0,2.0,False,75020,,,"Appartement
Appartement de luxe à vendre - Appartement 2 pièces - Terrasse - Charonne L'agence Barnes Paris Est vous propose cet appartement de 54m² (46m² Loi Carrez), situé dans une copropriété de bon standing, à 3 min du métro Alexandre Dumas L.2, il comprend un salon avec cuisine ouverte aménagée équipée donnant sur une terrasse de 20m², une chambre sous [...]",2022-06-08,seloger,0,1
68155,slg_198107545,rentals,Maison,990.0,66.0,15.0,3.0,False,33000,,,"BORDEAUX 990€ Maison T3 en bon état de 67m2 avec un parking et un local. Comprenant un séjour, une cuisine américaine, deux chambres, une salle d'eau et un WC. Proches de toutes commodités et transports.",2023-02-15,seloger,0,1
92244,slg_198235541,sales,Appartement,428000.0,40.661219836595095,10526.0,2.0,False,94160,,,"Situé dans une résidence sécurisée et au calme, cet appartement 2 pièces en très bon état, de 40,36m2, se compose comme tel : une entrée desservant une pièce de vie, une cuisine américaine toute équipée, une chambre, une salle d'eau et un wc séparé. Lumineux, le bien bénéficie d'une vue dégagée. L'appartement est situé au 3ème étage d'une copropriété très bien entretenue. Une cave complète le tout. À 10min à pieds du métro Saint Mandé (Ligne 1). À proximité immédiate de toutes les commodité et du Bois de Vincennes. Cette annonce vous est proposée par LAGADEC Élodie - NoRSAC: , Enregistré à de",2023-02-17,seloger,0,1
81355,slg_202996059,sales,Appartement,295000.0,46.00031186652113,6413.0,2.0,False,33600,,,"Appartement neuf
Appartement neuf à vendre - 2 PIÈCES DE 46m² + 19m² DE BALCON + 1 PARKING IDEAL INVESTISSEMENT Logement aux normes BBC et RT2012/RE2020, Haute Qualité Environnementale, accessible PMR, frais de notaire réduits, pas de frais d'agence. Devenez propriétaire de ce 2 pièces d'environ 46m². Votre appartement situé au 2ème étage avec [...]",2023-05-25,seloger,0,1
23360,slg_185751349,rentals,Appartement,880.0,51.76470588235294,17.0,3.0,False,33400,,,"Appartement
Location Appartement - Barrière ST GENES Tramway B arrêt (St Genes) APPARTEMENT 3 PIÈCES RÉNOVÉ ENTIÈREMENT MEUBLÉ ET ÉQUIPÉ AVEC SÉJOUR CUISINE ÉQUIPÉE , 2 CHAMBRES, 1 SALLE D EAU AVEC 1 LAVE LINGE INCLUS, A DEUX PAS DU TRAMWAY B ET DE TOUTES COMMODITÉS . COLOCATION ACCEPTÉE. 880 hc Références exigées.! Réf. annonce : 2333503051900",2022-05-04,seloger,0,0
15759,slg_183592711,sales,Appartement,650000.0,50.0,13000.0,2.0,False,75003,,,"Appartement
Appartement à vendre - Hosman vous propose à la vente ce très beau 2 pièces d'une surface de 50.0 m2 Carrez, situé Rue du Temple à Paris. L'appartement est situé au 5 ème étage sur 6 avec ascenseur d'une copropriété très bien entretenue. Vous apprécierez son bon état, son agencement optimisé ainsi que la localisation de l'appartement, à [...]",2022-03-23,seloger,0,1
82172,slg_203203147,rentals,Appartement,701.0,20.02857142857143,35.0,1.0,False,94130,,,"Studio
Location Appartement - DANS UNE RUE CALME AU REZ DE CHAUSSEE EN RETRAIT SUR LA RUE A 5 MINUTES A PIED DU RER A NOGENT SUR MARNE BEAU STUDIO REFAIT ENTIEREMENT A NEUF AVEC PIECE PRINCIPALE EN L PERMETTANT DE CREER UN COIN NUIT PLACARD SALLE D'EAU AVEC WC CUISINE SEPAREE ET AMENAGEE AVEC FENETRE AVEC FRIGO ET PLAQUES ELECTRIQUES CAVE LOCAL A VELO CHAUFFAGE ET EAU CHAUDE INDIVIDUELS LIBRE TOUT DE SUITE",2023-05-31,seloger,0,1
94701,slg_200330819,sales,Appartement,582000.0,66.99666167836997,8687.0,3.0,False,33000,,,"BIEN DE PRESTIGE 5 PIECES PLEIN COEUR DE VILLE APPARTEMENT DE PRESTIGE avec extérieur en plein cœur de ville de BORDEAUX, Idéalement situé plein centre de Bordeaux, au sein d'une magnifique résidence élégante et contemporaine, magnifique T3 lumineux, - belle pièce de vie de? - loggia - 2 chambres, - 1 salle d'eau, - 1 place de parking, Conforme aux dernières normes RT 2012, chauffage individuel ; prestations hautement qualitatives Plein centre ville de Bordeaux, à 15 minutes de la gare; à 50 minutes du Bassin d'Arcachon; Proche de toutes commodités, bien de prestige; Photos non contractuelles, suggestions d'aménagement. Contactez Vanessa, conseillère UTOPIA , 7j/7, plans, RDV, réservations sur demande.",2023-03-30,seloger,0,0
10491,slg_181187647,sales,Appartement,398500.0,32.00032120774111,12452.999999999998,2.0,True,92200,,,"Appartement
Neuilly sur Seine Coup de cœur: Dans une voie privée et au sein d'un immeuble de bonne facture, juste derrière l'Hôpital Américain, superbe 2 pièces au 7ème et dernier étage par ascenseur. Il comprend une entrée, une pièce à vivre, une chambre avec de nombreux rangements, une cuisine indépendante meublée, une salle de bains avec water-closet. Appar",2022-03-09,seloger,0,1
13307,slg_181814965,sales,Appartement,149900.0,47.99871918027537,3123.0,2.0,False,91100,,,"Appartement
Appartement à vendre - EXCLUSIVITÉ - APPARTEMENT 2 PIÈCES AU CALME À vendre : dans la ville de CORBEIL ESSONNES (91100) découvrez cet appartement de 2 pièces au calme de 48m² habitables avec balcon. Il est situé au 3e étage d'une résidence récente en copropriété comprenant 60 lots. Le bâtiment comporte quatre étages avec ascenseur . La sécurité de [...]",2022-03-11,seloger,0,1
42587,slg_184332833,rentals,Appartement,400.0,12.903225806451612,31.000000000000004,1.0,True,33000,,,"Studio
Location Appartement - Studio meublé rue jules guesde, idéal pour un étudiant. Comprend une pièce de vie, kichenette, salle d'eau avec wc. Libre immédiatement",2022-04-01,seloger,0,1
36366,slg_183397351,sales,Appartement,579900.0,69.0028557829605,8404.0,3.0,False,93260,,,"Appartement
Appartement à vendre - COUP DE COEUR - LNA - La Nouvelle Agence Immo vous présente ce grand trois pièces de 69m2 en parfait état, au sein d'une très belle copropriété de standing de 2011 au calme absolue, à 2 min à pied de la mairie des Lilas et de son accès au métro ligne 11. Se situant à proximité immédiate du Parc Lucie Aubrac, venez découvrir [...]",2022-03-10,seloger,0,1
21987,slg_181527439,sales,Autre,223490.0,65.00581733566027,3438.0,3.0,False,78790,,,"Projet de construction
Maison/Villa à vendre - maison neuve sur terrain à batir à vendre À Courgent dans le département des Yvelines (78), achat immobilier de cette maison entièrement neuve T3 en milieu rural, dans un environnement sain. Le modèle présenté est REF-65-PLP. Architecture contemporaine pour cette maison à toit à 2 pans. Mantes-La-Ville se trouve seulement à [...]",2022-04-29,seloger,0,1
90492,slg_196901609,sales,Appartement,217000.0,33.0188679245283,6572.0,2.0,False,94130,,,"A Nogent-sur-Marne, Au dernier étage d' une résidence avec ascenseur et gardien, ce studio aménagé en appartement de deux pièces lumineux Il est composé d'une entrée , d'un séjour , d'une cuisine ouverte , une chambre ,d'une salle d'eau de bains e avec WC . Cave et parking intérieur. Ravalement avec isolation thermique fait en 2018. Chauffage et eau chaude/froide inclus dans les charges. Contactez votre agence ERA Immobilier",2023-01-20,seloger,0,1
29482,slg_188702125,sales,Appartement,180000.0,14.00015555728397,12857.0,1.0,False,75020,,,,2022-07-08,seloger,0,3
40502,slg_192692491,sales,Appartement,299000.0,58.99763220205209,5068.0,2.0,True,33000,,,"BORDEAUX, quartier St Michel, appartement duplex T2 de 53.24 m² carrez (surface totale 59.02 m²) au 3ème et 4ème et dernier étage d'un immeuble en pierre. Dans une petite copropriété (4 appartements) ce duplex entièrement rénové exposé sud vous offre une vue sur le clocher de St Michel. Au troisième étage, séjour de 19 m², espace cuisine de 5.34 m², cellier et placard. A l'étage, un palier dessert la salle de bain (avec wc) et une grande chambre de plus de 19m². Plus d'information ? je suis disponible ! Nombre de lots de la copropriété : 5, Montant moyen annuel de la quote-part de charges (budget prévisionnel) : 500 euros soit 41 euros par mois. Les honoraires d'agence sont à la charge de l'acquéreur, soit 4,91% TTC du prix du bien. Réseau Immobilier CAPIFRANCE - Votre agent commercial (RSAC N°839 907 169 - Greffe de BORDEAUX) Antoine BLACHON Entrepreneur Individuel Plus d'informations sur le site de CAPIFRANCE (réf.786834)",2022-10-13,seloger,0,1
56365,slg_195120893,rentals,Appartement,1095.0,36.5,30.0,2.0,False,75012,,,RUE CLAUDE DECAEN AU PIED DE LA FAMEUSE PLACE DAUMESNIL AVEC SAA FONTAINE AUX LIONS ET DU METRO DAUMESNIL DANS UN IMMEUBLE ANCIEN SECURISE PAR DIGICODE A LA FACADE PIERRE DE PARIS ET AUX PARTIES COMMUNES RAVALEES AU 5 EME ET DERNIER ETAGE SANS ASCENSEUR UN APPARTEMENT FRAICHEMENT REPEINT ET ENSOLEILLE COMPRENANT UNE ENTREE UN SEJOUR ET UNE CHAMBRE UNE CUISINE SEPAREE UNE SALLE DE DOUCHE AVEC INSTALLATION MACHINE A LAVER WC SEPARE FENETRES DOUBLE VITRAGE PARQUET AU SOL DISPONIBLE DE SUITE MERCI DE NOUS CONTACTER UNIQUEMENT PAR MAIL POUR RENSEIGNEMENTS ET PRISE DE RENDEZ VOUS,2022-12-06,seloger,0,1
19369,slg_185001207,rentals,Appartement,958.0,31.933333333333334,30.0,1.0,True,75012,,,"Studio
Location Appartement - Situé dans le quartier Bel-Air, à 300 mètres du métro Picpus et à 500 mètres de la porte de Vincennes, retrouvez dans un immeuble dans années 70 ce spacieux studio. Il comprend une entrée, une salle de douche avec WC, une pièce à vivre avec cuisine américaine équipée et un vaste balcon sans vis à vis. On retrouve un [...]",2022-04-19,seloger,0,1
9860,slg_174380531,sales,Appartement,285000.0,87.2627066748316,3265.9999999999995,4.0,False,91410,,,"Appartement
DOURDAN - Proche gare et commodités - Vue exceptionnelle !! Résidence récente avec ascenseur, appartement type F4 au 3ème et derniers étage avec ascenseur !! Vues dégagées. L'appartement est composé d'un séjour ouvrant sur balcon , cuisine aménagée (possibilité d'ouvrir totalement en cuisine américaine ou création verrière), trois chambres et salle",2022-03-09,seloger,0,1
31168,slg_189174679,rentals,Appartement,915.0,35.19230769230769,26.0,2.0,False,94130,,,,2022-07-20,seloger,0,3
65068,slg_196997031,rentals,Appartement,600.0,20.0,30.0,1.0,True,33700,,,"Proche Tramway A Merignac Centre . Chambre meublée de 20m² en colocation dans un appartement a l étage avec séjour , cuisine salle de bain en commun, 2 terrasses , parking devant la résidence . 600 € HC Disponible De Suite . Références exigées Réf. annonce : 2351821011406",2023-01-22,seloger,0,1
36014,slg_182952149,sales,Appartement,299250.0,77.99061767005473,3837.0,4.0,False,78390,,,"Appartement
Appartement à vendre - Situé dans une résidence verdoyante et fraîchement ravalée, un appartement 3 pièces de 78 m² au dernier étage avec ascenseur comprenant : une entrée avec placard, un séjour de 30 m² exposé SUD/OUEST ouvrant sur un balcon carrelé de 9 m², une cuisine entièrement aménagée et équipée avec coin repas, deux chambres, une salle de [...]",2022-03-10,seloger,0,0
25119,slg_186651835,rentals,Appartement,650.0,20.967741935483872,31.0,1.0,False,33000,,,"Studio
Location Appartement - BORDEAUX - PARC BORDELAIS/BARRIÈRE DU MÉDOC. . Nous vous proposons à la location ce souplex T1bis/T2 d'une surface utile de 56m². Il se compose sur le 1er niveau d'une entrée avec placards, d'une cuisine aménagée et équipée ouverte sur la pièce de vie, salle d'eau et WC. Sur le second niveau, une grande pièce composée d'un [...]",2022-05-24,seloger,0,3
28616,slg_183575329,sales,Appartement,241500.0,65.00672947510094,3715.0,3.0,False,33000,,,,2022-06-28,seloger,0,3
79058,slg_192170833,rentals,Appartement,485.0,18.65384615384616,26.0,1.0,False,33000,,,"BORDEAUX 435 € Studio en très bon état. Comprenant un séjour, une kitchenette. En résidence sécurisée avec un interphone DL FD 210€",2022-10-04,seloger,0,0
84491,slg_193920813,sales,Appartement,72507.0,43.89043583535109,1652.0,2.0,False,16600,,,"Au sein d'une résidence Appartement T2 comprenant : entrée, séjour, cuisine aménagée, une chambre avec accés direct salle de bains. Balcon. Place de parking. Idéal investisseur ou premier achat. Emmanuelle Laurichesse EI Agent commercial de la SAS FONCIA TRANSACTION FRANCE enregistré au RSAC d'Angoulême sous le N° 538 768 854 Pour visiter ce bien bien vous pouvez me contacter",2022-11-09,seloger,0,1
29872,slg_187999109,sales,Appartement,289000.0,30.00103809820409,9633.0,2.0,False,75013,,,,2022-07-11,seloger,0,3
64714,slg_188688197,sales,Appartement,168500.0,49.32669789227166,3416.0,2.0,False,33600,,,"IMMOBILIER PESSAC. Venez découvrir, à deux pas des commodités, cet appartement situé au 2 ième étage et composé d'une entrée, d'un salon donnant sur balcon, d'une cuisine séparée et équipée, d'une chambre et d'une salle de bain. Le bien dispose également d'une loggia.",2022-07-07,seloger,0,1
76798,slg_201515643,sales,Appartement,315000.0,63.0,5000.0,3.0,True,33600,,,"Appartement
Appartement à vendre - Idéalement situé en plein centre de Pessac, à proximité des transports (bus, train et tram B arrêt Pessac centre), des commerces et des écoles / universités, Homki vous invite à découvrir ce superbe T3 lumineux et entièrement meublé de 63m² au 3ème et dernier étage d'une résidence de standing de 2021 avec vue [...]",2023-04-23,seloger,0,1
68988,slg_198314407,sales,Appartement,321000.0,75.99431818181819,4224.0,3.0,False,33200,,,"Appartement
Appartement à vendre - Proche de toutes commodités dans un quartier recherché: Résidence calme, sécurisée et verdoyante, venez découvrir ce charmant T3/T4 LUMINEUX au 3ème étage et dernier avec ascenseur ENTIÈREMENT RÉNOVÉ il y a deux ans avec goût. Il comprend une belle entrée avec placard de rangement, un grand cellier, cuisine récente et [...]",2023-02-18,seloger,0,1
12781,slg_183418051,rentals,Appartement,475.0,31.666666666666668,15.0,2.0,True,33000,,,"Appartement
Location entre particulier Appartement - Appartement clair et lumineux, rénové récemment. L'appartement est entièrement équipé : lit, dressing, canapé, table basse, meuble TV, meuble d'appoint, cuisinière, réfrigérateur.",2022-03-11,seloger,1,1
868,slg_181322623,rentals,Appartement,503.0,27.944444444444443,18.0,2.0,True,33000,,,"Appartement
A deux pas de la place PEY- BERLAND, et des trams, dans immeuble pierre, appartement agréable et bien agencé avec chambre séparée. séjour, cuisine américaine salle de bains et wc Assurance Multirisques Privilège *: 10.92 euros / mois *Services facultatifs, voir conditions en agences",2022-01-18,seloger,0,1
88505,slg_195709791,rentals,Appartement,900.0,64.28571428571429,13.999999999999998,3.0,True,33300,,,"Bordeaux (33) Appartement de type 3 au 1er et dernier étage d'un jolie immeuble en pierre. Vous profiterez d'une entrée privée , une cave et un patio. N'hésitez pas à nous contacter pour plus de renseignements ou tout simplement visiter.",2022-12-20,seloger,0,1
62448,slg_187739343,rentals,Appartement,712.0,20.34285714285714,35.0,1.0,False,75020,,,,2022-06-17,seloger,0,3
99529,slg_202906491,rentals,Appartement,750.0,44.11764705882353,17.0,2.0,False,75020,,,"Appartement
Location entre particuliers Appartement - L’appartement est composé d’un salon où vous trouverez un canapé-lit, une table basse, une TV, une table à manger avec chaises. Ce dernier est très lumineux, orienté sud-est. La cuisine est américaine et équipée de plaques de cuisson, d’une hotte, d’un réfrigérateur avec espace de congélation et d’un [...]",2023-05-27,seloger,1,1
10232,slg_181389685,sales,Appartement,375000.0,55.00146670577882,6818.0,3.0,False,92110,,,"Appartement
92110 - CLICHY - CENTRE VILLE / QUARTIER MEDERIC / BEREGOVOY - 3 PIECES / 2 CHAMBRES de 53,69 m2 Carrez - BALCONNET - TRES LUMINEUX - BELLE EXPOSITION - CAVE - PARKING en SUS Servane Hamelin vous propose EN EXCLUSIVITÉ cet agréable et fonctionnel appartement de 53,69 m2 Carrez, au 1er étage d'une petite copropriété de 1964. Proche de toutes commod",2022-03-09,seloger,0,1
89411,slg_196322985,sales,Appartement,158000.0,15.299699816016268,10327.0,1.0,False,75013,,,"Coeur Butte aux Cailles : Dans une copropriété récemment ravalée et isolée par l'extérieur, FONCIA vous propose un studio bien agencé et en parfait état comprenant : entrée, séjour avec coin cuisine donnant sur BALCON, salle d'eau avec de vrais WC. Parfait état, lumineux, vendu occupé. DPE=D. Loyer: 511 euros/mois Charges Comprises (dont 50 euros de provisions de charges). Echéance : 01/07/2024.",2023-01-07,seloger,0,0
90069,slg_196638259,sales,Appartement,310000.0,43.2779561636186,7163.0,2.0,False,94120,,,"Limite Vincennes, dans petite copropriété, appartement 2 pièces traversant de 43 m2 entièrement à rénover bénéficiant d'une vue dégagée sur jardins. Il se compose d'une chambre et d'un séjour sur grand balcon / terrasse, d'une cuisine, d'une salle d'eau, d'un wc indépendant ainsi qu'une cave et un parking en sous sol. Situé à 5 minutes de la station de RER A, Fontenay sous Bois et proche toutes commodités. Travaux de ravalement et toiture votés. Honoraires à charge vendeur. Copropriété de 28 lots. Montant annuel des charges : 1245 €.",2023-01-14,seloger,0,1
58561,slg_184123139,sales,Autre,185900.0,79.99139414802066,2324.0,3.0,False,16400,,,"Projet de construction
Maison/Villa à vendre - maison de 80m2 avec 2 chambres en vente Acquisition immobilière d'une belle maison complètement neuve disposant de 2 chambres à La Couronne. La maison neuve présentée sur ce terrain est Maison 86m² - 2CH - 89BX220182. Architecture contemporaine pour cette maison à toit à 2 pans. Angoulême ne se trouve qu'à 10 minutes. Cette [...]",2022-05-26,seloger,0,0
79031,slg_192167563,sales,Appartement,478000.0,30.00062762819305,15933.0,1.0,False,75020,,,"Retour à la vente Paris 20ème Promocomm vous propose cet appartement studio d'une surface globale 30m² composé d'une entrée, d'un séjour-cuisine et d'une salle d'eau. Vous pourrez également profiter d'un balcon. Situé dans une future résidence de standing, ce bien sera idéalement localisé à proximité de toutes commodités. Eligibilité Pinel. Bénéficiez d'un logement aux toutes nouvelles normes thermiques et acoustiques (RT 2012 et BBC). Faibles charges, frais de notaire réduits. Photos de synthèse non contractuelles. Pour toute demande d'information supplémentaire contactez-nous tous les jours même le dimanche (tel, mail, WhatsApp). Votre conseiller, Anthony – 0668434655, est à votre écoute.",2022-10-04,seloger,0,1
39384,slg_192144899,sales,Appartement,235000.0,25.0,9400.0,1.0,True,75012,,,Studio 1°étage bon état donnant sur une cour intérieure très calme. très lumineux. immeuble de 1964 de 8 étages avec 2 ascenseurs un gardien. un cellier en face du studio accessible de plein pied. chauffage et eau froide collectifs 1200 € / an charges de copropriété faibles disponible de suite libre. rue commerçante au pied de l'immeuble tout près de la gare de Bercy métro Daumesnil. 12°arrondissement de Paris. (gedeon_52960_25713260),2022-10-03,seloger,0,1
8411,slg_183230085,sales,Maison,395000.0,87.99287146357763,4489.0,4.0,False,78770,,,"Maison/Villa
À VENDRE, MAISON DE PLEIN PIED, SITUÉE DANS LE CHARMANT VILLAGE D'AUTOUILLET. A la recherche de calme, de verdure et d'un endroit où il suffit de poser vos valises pour vous sentir chez vous ? Cette charmante maison rénovée répond à tous ces critères ! Cette maison d'environ 88m2 habitables, édifiée sur une parcelle d'environ 1000m2, saura vous séd",2022-03-09,seloger,0,1
56027,slg_186225409,rentals,Appartement,995.0,31.09375,32.0,2.0,True,75013,,,"Appartement
Location Appartement - RUE BARRAULT- Situé au pied de la butte aux cailles, au pied des commerces de la rue de Tolbiac et à 5 minutes du métro Glacière ou Corvisart, venez découvrir dans un immeuble ancien bien entretenu au 4 ème étage sans ascenseur ce 2 pièces de 31 m2 Clair et Calme. Il se compose d'une entrée, d'un séjour, d'une chambre avec [...]",2022-05-14,seloger,0,1
17073,slg_183679639,sales,Maison,326000.0,88.998088998089,3663.0,4.0,False,77310,,,"Maison/Villa
Maison/Villa à vendre - Maison individuelle avec garages et sous-sol EXCLUSIVITE, dans une impasse, maison individuelle sur 1200m² de terrain avec terrasse exposée sud. Entrée sur pièce de vie, cuisine aménagée et partiellement équipée, chambre avec sa salle d'eau et wc, salle de bains, wc/buanderie, deuxième chambre. Sous-sol total avec pièce [...]",2022-04-03,seloger,0,1
93508,slg_199159153,rentals,Maison,1590.0,75.71428571428571,21.0,3.0,False,33000,,,"Maison/Villa
Location Maison/Villa - Bordeaux centre / Fondaudège (avec commerces et tram D). Maison de type T2bis (77m2) avec studio indépendant (13m2) jardin, garage et cave, organisée sur 2 niveaux, et comprenant : Au rez-de-chaussée : grand séjour avec cuisine ouverte (équipée de plaques de cuisson à induction, refrigérateur-congélateur, four) et salle [...]",2023-03-08,seloger,0,1
35436,slg_191611797,sales,Maison,158500.0,73.99626517273576,2142.0,3.0,False,16000,,,"Pour investisseur, maison vendue louée, composée en rez de chaussée d'une cuisine aménagée et équipée, d'un salon, d'une petite buanderie et d'un wc indépendant. A l'étage, deux chambres et une salle d'eau. Courette sur le devant de la maison + garage de 22 m2. Quartier Victor Hugo Locataire en place depuis le 7 aout 2020. Loyer de 650 euros par mois. Réf. annonce : 260",2022-09-22,seloger,0,0
58726,slg_186839609,rentals,Appartement,700.0,23.33333333333333,30.0,1.0,False,33000,,,"Studio
Location Appartement - Dans le quartier de Saint-Michel à Bordeaux, Rue Carpenteyre, découvrez ce charmant studio en duplex de 23m2 L'appartement est composé de : - D'une cuisine avec plaque de cuisson, hotte, micro ondes et frigo - D'un salon/ séjour avec canapé, télé, table basse - D'une salle d'eau avec douche, vasque, sèche [...]",2022-05-28,seloger,0,1
17385,slg_183899817,sales,Appartement,285500.0,45.0031525851198,6344.0,2.0,False,93100,,,"Appartement
Appartement à vendre - Idéalement situé, plein centre-ville du quartier Mairie de Montreuil - Proche de tous les commerces et de la vie de quartier de Mairie de Montreuil - A 4 min du métro - Dans une copropriété calme année 70 très bien entretenue avec espace vert. Venez découvrir ce appartement 2 pièces de 45 m² en rez-de-chaussée sur le jardin [...]",2022-04-05,seloger,0,1
40712,slg_182591519,sales,Appartement,157000.0,43.59900027770064,3601.0,2.0,False,91150,,,"Appartement
Appartement à vendre - Votre agence ERA Immobilier Etampes vous propose un appartement à vendre sur la commune de ETAMPES. Situé en plein centre ville dans une copropriété avec ascenseur, venez découvrir cet appartement composé d'un salon séjour avec balcon, cuisine ouverte entièrement équipée, une chambre, salle d'eau et wc indépendant Place de [...]",2022-03-25,seloger,0,1
67311,slg_197774107,sales,Appartement,350000.0,36.00082287595145,9722.0,2.0,True,75020,,,"En exclusivité, venez visiter ce charmant 2 pièces de 36m2. Il est situé dans un petit immeuble ancien en bon état des années 1930 entre la Campagne à Paris et Pelleport. L'appartement avec le charme de l'ancien est lumineux (expo sud-ouest), calme, en bon état, dispose d'une belle pièce de vie avec cheminée et une cuisine équipée US. Il dispose également d'une chambres avec placard, une salle d'eau avec fenêtre, d'un wc, de plusieurs placards et une cave. À voir sans tarder ! Nombre de lots de la copropriété : 6, Montant moyen annuel de la quote-part de charges (budget prévisionnel) : 1680 euros soit 140 euros par mois. Les honoraires d'agence sont à la charge de l'acquéreur, soit 3,43% TTC du prix du bien.Les informations sur les risques auxquels ce bien est exposé sont disponibles sur le site Géorisques : georisques. gouv. fr. Réseau Immobilier CAPIFRANCE - Votre agent commercial (RSAC N°489 575 308 - Greffe de PARIS 7EME ARRONDISSEMENT) Eric AZOULAY Entrepreneur Individuel à Responsabilité Limitée Plus d'informations sur le site de CAPIFRANCE (réf.797705)",2023-02-08,seloger,0,1
48525,slg_194320113,sales,Appartement,258860.0,37.00114351057747,6996.0,1.0,False,94120,,,"FONTENAY SOUS BOIS - Studio Neuf proche Mairie! A SAISIR ! Contact Mr RICHARD 6j/7 07 61 32 38 26 . Bien situé entre la mairie (5 min à pied du centre-ville) et la gare RER A « val de Fontenay » (à 12 min à pied) . GrandParis vous propose un FUTUR Studio Neuf de 37m². Exposition Ouest. POINTS FORTS : Lumineux, Grand séjour avec cuisine ouverte, 1 salle de bain avec WC , rangement. FRAIS DE NOTAIRE RÉDUITS. Confort THERMIQUE et PHONIQUE. Les futures prestations de l'appartement sauront répondre à vos exigences ! *Photos non contractuelles.",2022-11-17,seloger,0,1
14833,slg_176369915,sales,Appartement,599000.0,97.00404858299596,6175.0,4.0,False,78600,,,"Appartement
Appartement à vendre - Au coeur du Parc, dans une résidence calme de standing, bel appartement familial de 4 pièces, composé de 3 chambres dont une suite parentale avec salle d'eau, un double séjour spacieux de 30m2 donnant sur jardin, une cuisine indépendante équipée avec son cellier attenant, d'une salle de bains et 1 WC séparé. Vous serez [...]",2022-03-16,seloger,0,1
87116,slg_194949307,sales,Appartement,149800.0,57.99457994579946,2583.0,3.0,True,16000,,,"- EN EXCLUSIVITE - Dans un immeuble en pierre, à côté de la Rue-Hergé, dans une rue calme, au sein d'une petite copropriété de 3 lots, très joli appartement sur plancher, type 3,rénové, de 60m² comprenant : entrée avec placards, séjour avec balcon, cuisine meublée et équipée, 2 chambres, salle d'eau, WC séparé. Cave et grenier. Bien soumis au statut juridique de la Copropriété. Nb de lots : 3. Charges annuelles de copropriété (Montant moyen annuel quote-part du budget prévisionnel vendeur) : 220 euros. Honoraires : 7 % TTC inclus charge acquéreur (140 000 euros hors honoraires)",2022-12-01,seloger,0,1
86302,slg_194771175,sales,Maison,244000.0,62.9352592210472,3877.0,3.0,False,33150,,,"33150 CENON - NOUVEAUTE EN EXCLUSIVITE Idéal primo-accédant et/ou investisseurs. Proche Avenue René Cassagne, au calme, dans un quartier agréable et une résidence sécurisée 'CLOS MONTESQUIEU', MANDAT UNIQUE pour cette charmante petite maison mitoyenne en R+1 de 3 pièces pour 63 m2 , exposé est-ouest avec son jardin privatif et ses 2 places de stationnement. Ce bien comprend en rez-de-chaussée une entrée, une cuisine indépendante aménagée et équipée, une pièce de vie, un toilette indépendant. A l'étage 2 chambres et une salle de bains toilette. Le tout avec une terrasse ainsi qu'un jardinet de 30 m2 accessible depuis le séjour. Le bien dispose de 2 places de parking ainsi que d'un local à vélo. Votre agence immobilière ERA BORDEAUX RIVE DROITE, située quartier BASTIDE et spécialiste du secteur de CENON, vous offre Une Estimation Gratuite de votre bien immobilier. (Transaction- Location - Gestion locative). dont 6.09 % honoraires TTC à la charge de l'acquéreur. Copropriété de 56 lots (Pas de procédure en cours). Charges annuelles : 160.00 euros. Nicolas MOHAND-CHERIF (EI) Agent Commercial - Numéro RSAC : - .",2022-11-26,seloger,0,1
23285,slg_184713101,sales,Appartement,199500.0,20.319820737421065,9818.0,2.0,False,75020,,,"Appartement
Appartement à vendre - CAMPAGNE A PARIS - STUDIO/2 PIECES, CALME ET CLAIR, SUR JARDIN, DANS L'ANCIEN - Proche de tous commerces, 20ème APPART vous propose ce studio / 2 pièces dans l'ancien, donnant sur une cour joliment arborée et le tout dans une copropriété bien entretenue avec gardienne. L' appartement se compose d'une entrée, d'une pièce [...]",2022-05-04,seloger,0,1
48887,slg_184068453,sales,Appartement,365750.0,70.0,5225.0,4.0,False,93100,,,"Appartement
Appartement à vendre - Dans une petite copropriété de 3 étages du haut Montreuil (quartier Branly - Boissiere), bel appartement de 4 pièces de 70 m2 carrez situé au dernier étage, ayant fait l'objet d'une rénovation récente. Il comprend une petite entrée, un double séjour de 24 m2, 2 belles chambres spacieuses (11 et 13 m2), une salle de bains, [...]",2022-05-05,seloger,0,1
76050,slg_201118749,rentals,Appartement,813.0,45.16666666666666,18.0,2.0,True,33300,,,"BORDEAUX - BASSINS A FLOTS Au premier étage d'une résidence récente, nous vous proposons à la location meublée cet appartement de deux pièces principales comprenant une entrée, un séjour avec une cuisine ouverte aménagée et équipée (réfrigérateur, lave-vaisselle, micro-onde, plaque, hotte), un cellier avec une machine à laver, une chambre avec placard et un balcon sans vis-à-vis. Une place de parking vient compléter ce bien. Disponible à partir du 2 mai.",2023-04-15,seloger,0,1
46504,slg_185194775,rentals,Appartement,678.0,52.15384615384615,13.0,3.0,False,33300,,,"Duplex
Location Appartement - BORDEAUX CHARTRONS Prox tous commerces dans résidence sécurisée,3 pièces en duplex situé au 3 ème étage, cuisine ouverte sur séjour carrelé, balcon. A l'étage 2 chambres, salle de bains. Chauf.ind.élec. Place de pkg en sous-sol.",2022-04-21,seloger,0,1
95876,slg_201051503,sales,Appartement,222600.0,37.31768650461023,5964.999999999999,2.0,True,33000,,,"Appartement
Appartement à vendre - BORDEAUX CENTRE/ RUE DE LA BOETIE (proche Pl. Gambetta) Dans immeuble en pierre, appartement de type 2,d'une surface de 37m², comprenant un séjour avec cuisine ouverte aménagée donnant sur balcon, une chambre avec dressing, une salle d'eau et une cave. Quartier très recherché. Le prix du bien net vendeur est de 210 [...]",2023-04-14,seloger,0,1
48789,slg_185685353,sales,Appartement,595000.0,53.001959736326384,11226.0,3.0,True,75014,,,"Appartement
Appartement de luxe à vendre - Paris 75014 - 3 pièces-Ancien-Balcon Emplacement exceptionnel. Au pied du Métro Alésia et des commerces/Rue du Lunain, Au 5ème étage avec ascenseur (en demi étage) d'un immeuble ancien de 1907 aux parties communes rénovées, nous vous proposons un charmant trois pièces de 53m2 sans perte d'espace, composé d'un [...]",2022-05-05,seloger,0,1
13663,slg_182903853,sales,Appartement,179900.0,56.00871731008717,3212.0,3.0,False,95130,,,"Appartement
Appartement à vendre - Exclusivité! Dans une résidence calme, sécurisée et verdoyante à deux pas des écoles et du centre ville, sympathique appartement F3 traversant de 56 m² comprenant entrée, lumineux séjour exposé EST sans vis à vis, cuisine indépendante, WC séparés, salle de bains, dégagement avec rangements, deux chambres. Une place de [...]",2022-03-11,seloger,0,1
4693,slg_182990513,rentals,Appartement,595.0,42.5,14.0,2.0,True,33130,,,"Appartement
A 200 m de l'arrêt de Tram Noutary, proche Bd Jean-Jacques Bosc et Pont François Mitterrand - Dans résidence avec belles prestations, appartement 2 pièces en rez de chaussée avec petite terrasse orientée sud comprenant un séjour ouvert avec cuisine aménagée et équipée (meubles haut et bas, plaques vitro, une hotte, frigo top), une chambre avec plac",2022-03-01,seloger,0,1
5277,slg_181629697,sales,Appartement,275000.0,61.00266193433895,4508.0,3.0,False,93300,,,"Appartement
ENTRE LE FUTUR MÉTRO LIGNE 12 MAIRIE D'AUBERVILLIERS ET LA LIGNE 7 FORT D'AUBERVILLIERS À 10 MIN. Venez vite découvrir ce CHARMANT 2/3 Pièces entièrement refait à neuf TRÈS récemment, CLÉ EN MAIN, avec un plan optimisé et fonctionnel. L'appartement LUMINEUX orienté au SUD OUEST donne sur un JARDIN de 18 m2 où vous pourrez jardiner ou manger au so",2022-03-06,seloger,0,1
45235,slg_184817905,sales,Appartement,110000.0,33.32323538321721,3300.9999999999995,2.0,False,78930,,,"Duplex
Appartement à vendre - En exclusivité au calme sur les hauteurs de Guerville, à 10 mn de l'A13 et de la gare direction Paris St Lazare, découvrez dans une belle copropriété en pierres ce duplex 2 pièces de 33,32 m². Entrée sur salon avec cuisine ouverte, une salle d'eau avec WC et à l'étage une chambre mansardée de 10 m² (21 m² au sol). Une cave [...]",2022-04-15,seloger,0,1
92467,slg_198446087,sales,Appartement,378000.0,65.0042992261393,5815.0,3.0,False,33100,,,"33100 BORDEAUX BASTIDE - Secteur Mégarama NOUVEAUTÉ en exclusivité ! A vendre dans une résidence récente et de standing, un superbe appartement aménagé avec goût de type 3 avec son agréable terrasse exposé Sud Ouest. Il propose une belle pièce de vie ouverte sur l'extérieur, une cuisine aménagée et équipée, deux chambres, une salle de bains avec WC et un toilette séparé. Place de parking. À proximité direct du tramway A, Jardin botanique et des Quais. Votre agence ERA RIVE DROITE située à Bordeaux Bastide, et spécialiste du secteur de Bordeaux Bastide vous offre une estimation gratuite de votre bien (Transaction - Location - Gestion Locative) dont 5.00 % honoraires TTC à la charge de l'acquéreur. Copropriété de 107 lots (Pas de procédure en cours). Charges annuelles : 1598.00 euros. Christelle KELLER (EI) Agent Commercial - Numéro RSAC : 829420017 - .",2023-02-22,seloger,0,1
28315,slg_188167959,rentals,Appartement,450.0,32.142857142857146,13.999999999999998,2.0,False,16000,,,,2022-06-27,seloger,1,3
38681,slg_181541969,sales,Maison,105000.0,22.311942201444964,4706.0,2.0,False,95420,,,"Maison/Villa
Maison/Villa à vendre - Maison préfabriquée située sur GENAINVILLE à rénover entièrement (électricité, plomberie..) comprenant : cuisine, une pièce, salle de bains avec wc sanibroyeur et son très beau jardin clos de 250 M² . Un petit coin de paradis dans notre région du Vexin.. Conformément à l'article L.561-5 et suivants du Code Monétaire et [...]",2022-03-17,seloger,0,1
57929,slg_195553607,rentals,Appartement,950.0,20.21276595744681,47.0,1.0,True,75013,,,"Studio de 20m2 très clair, lumineux, très calme et silencieux, meublé, refait à neuf au pied de la quartier historique Buttes aux Cailles (pleins de restaurants, cafés et commerces, animations, métro, bus, marchés, parcs, salles de sport, théâtres - toutes commodités à disposition; un magasin à côté ouvert 7-23 tous les jours) dans une petite copropriété au dernier étage avec une vue sans vis à vis dans chaque pièce. Une entrée donnant sur la cuisine aménagée et équipée (gaz, micro- onde, frigo avec parti congélateur, machine à café nespresso, bouilloire, vaisselles, table à manger chaises, etc) ; une salle de bains (avec la douche à l'italienne) avec WC. Une salle de séjour avec lit convertible (vrai matelas), avec des rangements, armoire, une table basse et un bureau, chaises, décoration, éléments de décorations (entre autre vrai tableaux d'artists), tapis long poiles. Double vitrage. Chauffage électrique, consommation individuel, gaz individuel. Interphone. Cellier a disposition privé.",2022-12-15,seloger,0,1
17258,slg_184484145,rentals,Appartement,680.0,18.88888888888889,36.0,1.0,True,33000,,,"Studio
Location Appartement - Hypercentre, à louer, appartement meublé d'environ 19.02m² situé au 3ème étage d'un immeuble pierre. Situé côté puits de jour, au calme, Il se compose d'une pièce de vie avec coin cuisine, d'une salle d'eau et d'un WC séparé. Chauffage électrique et eau individuelle. Loyer 680 euros CC (Communs). Disponible de suite. ERA [...]",2022-04-05,seloger,0,1
53575,slg_183152725,sales,Appartement,118000.0,16.0,7375.0,1.0,True,33700,,,"Studio
Appartement à vendre - Au coeur de Mérignac centre dans une petite résidence au pied du tram A, Abcd'Immo vous propose à la vente 13 magnifiques studios meublés entièrement rénovés. A venir voir très vite. Contact : Delphine Berasategui dont 7.27 % honoraires TTC à la charge de l'acquéreur. DELPHINE BERASATEGUI Agent Commercial - Numéro RSAC : - .",2022-05-13,seloger,0,1
10094,slg_178123493,sales,Appartement,198000.0,80.0,2475.0,4.0,False,91800,,,"Appartement
Rebecca SEBARG BSK immobilier vous présente: Dans la résidence recherchée de Talma, sur la commune d'Épinay-Sous-Sénart, proche des écoles, des commerces et de la gare, nous vous proposons cet appartement spacieux donnant sur la verdure. Il se compose d'une entrée, d'une cuisine équipée et aménagée ouverte sur un séjour lumineux ( possibilité",2022-03-09,seloger,0,1
4731,slg_182987119,rentals,Appartement,1100.0,32.35294117647059,34.0,2.0,True,75020,,,"Appartement
Paris 20, métro Maraîchers. Complètement refait à neuf, joli 2 pièces de 32 m2 meublé très lumineux (double exposition sud-est/sud-ouest) au 6e et dernier étage Très calme, donne sur cour des 2 côtés. Parquet, moulures, belle hauteur de plafond Salle de bains (wc, douche). Machine à laver le linge, micro-ondes combiné four, plaque de cuisson, réf",2022-03-01,seloger,1,1
56074,slg_186200079,sales,Appartement,415000.0,52.538295986833774,7899.0,2.0,True,75020,,,"Au rez-de-jardin d'une copropriété des années 50 très bien entretenu, dans un quartier calme et familial, à proximité immédiate du tramway t3b (station Adrienne Bolland), magnifique 2 pièces en très bon état composé d'une entrée, un séjour, une chambre, une cuisine indépendante toute équipée, une salle de bain, un WC séparé. Lumineux grâce à ses grandes fenêtres en double vitrage et son absence total de vis-à-vis, très calme, cuisine refaite à neuf. Salle de bain à rafraichir. Vous apprécierez les parcs verdoyants entourant l'immeuble, l'ambiance calme et reposante qui y règne. Une cave et une place de parking non-couvert complète ce bien.",2022-05-14,seloger,0,1
62138,slg_187749271,sales,Appartement,291000.0,63.00064949123187,4619.0,3.0,False,33150,,,,2022-06-17,seloger,0,3
39818,slg_192234263,sales,Appartement,405000.0,35.00129634430905,11571.0,2.0,False,75020,,,"Le Groupe H&B Immobilier a le plaisir de vous présenter entre les métros Avron et Buzenval, un appartement parfaitement rénové, avec vue dégagée, de 34,6 m2 Carrez au 3ème et dernier étage d'une petite copropriété. il se compose d'une entrée, d'un séjour avec cuisine ouverte et équipée, d'une chambre avec salle d'eau et d'un WC indépendant. Combles aménageables de 71 m2. Copropriété de 16 lots. Charges annuelles : 2224 euros",2022-10-05,seloger,0,1
95146,slg_200654925,sales,Appartement,253200.0,29.00011453441759,8731.0,1.0,True,75012,,,"Studio
Appartement à vendre - A vendre - A deux pas du métro ligne 8 "" Ledru Rollin"" au 7ème et dernier étage d'un immeuble pierre de taille (accessible par ascenseur) studio de 27,83m2 au sol et 19,82m2 loi Carrez à vendre comprenant : Entrée, cuisine, séjour, salle de bains avec sanibroyeur. L'appartement est vendu avec en plus des WC privatifs sur [...]",2023-04-06,seloger,0,1
36637,slg_183528995,rentals,Appartement,708.0,59.0,12.0,3.0,False,33150,,,"Appartement
Location Appartement - CENON - Dans résidence entre le pont levant J. Chaban Delmas et l avenue Thiers. Desservie à 500m par le tram A arrêt « Cenon Gare » et les VCub. Appartement de type 3 composé de : entrée avec placard, séjour, cuisine équipée, deux chambres, salle de bain et wc. Terrasse de 14m² et place de parking. Chaudière gaz à [...]",2022-03-13,seloger,0,1
88399,slg_195705651,sales,Appartement,545900.0,39.001214545974136,13997.0,2.0,False,75012,,,"Magnifique 2 Pièces de 39 m², comprenant un séjour cuisine de 25 m² prolongé d’un balcon de 7 m², 1 chambre, dans une future résidence de standing. L'environnement verdoyant de la résidence procure un sentiment de tranquillité et de bien-être en plein cœur du XIIème. Un parking en sus. FAIBLES CHARGES / FRAIS DE NOTAIRE REDUITS. Pour toutes informations complémentaires, contactez Alain au 06.17.26.64.49.",2022-12-20,seloger,0,1
56622,slg_195249233,sales,Appartement,334900.0,30.00089581653677,11163.0,1.0,True,75020,,,"Hosman vous propose à la vente ce studio d'une surface de 29,6 m2 Carrez, situé Rue Orfila, dans le 20ème arrondissement à Paris. Profitez de la visite virtuelle en 3D pour vous projeter dans ce bien ! Si vous souhaitez le visiter, choisissez le créneau qui vous convient le mieux et planifiez votre visite en toute autonomie, depuis notre site hosman . co L'appartement est situé au 4ème étage avec ascenseur d'un immeuble bien entretenu avec gardien. Le bien se compose d'une grande pièce de vie avec cuisine de 21 m2 ouverte sur un agréable balcon de 5 m2, et d'une salle de bain équipée d'une douche et d'un WC. Grands placards de rangement. Une cave et une place de parking accompagnent ce bien. Le bien se situe à moins d'1 minute à pied de la station Pelleport (L3bis) et à 5 minutes de la place Gambetta (L3). Le quartier est dynamique avec de nombreux commerces et restaurants. Le parc de Belleville est à 15 minutes à pied. Le système de chauffage est : Collectif. Les charges de copropriété s'élèvent à 450 euros par trimestre (chauffage, eau chaude et gardien) La taxe foncière est de 620 euros. Le bien est soumis au statut de copropriété. Hosman s'efforce de réinventer l'agence immobilière en offrant un service innovant et transparent aux acheteurs et aux vendeurs. Nos frais d'agence sont de 7900 euros fixes à la charge du vendeur.",2022-12-08,seloger,0,1
98458,slg_202503307,rentals,Appartement,580.0,23.2,25.0,1.0,True,33400,,,"Nous vous remercions de nous adresser préalablement à toute visite votre dossier locatif. Pour cela rendez-vous sur notre site internet, cliquez sur l'annonce qui vous intéresse, puis sur DEPOSER MA CANDIDATURE. Créez votre compte, sélectionnez votre situation et téléchargez les pièces. Après étude de votre dossier si ce dernier est retenu nous conviendrons d'une visite. STUDIO meublé de 23 m2 à TALENCE composé d'une entrée avec placard, d'une pièce de vie avec une cuisine ouverte aménagée et équipée ( frigo,plaques,hotte), d'une SDB avec WC et d'un balcon. Bus 4 8 9 11 24 26 41 au pied de la résidence et TRAM A à 10 minutes. Chauffage électrique DPE version 2018 Energie : E ( 290 Kwh/m2 ) GES : C ( 12 kg CO2/m2/an) Le montant estimé des dépenses annuelles d'énergie de ce logement pour un usage standard est de 423 EUR Année de référence 2015. LOYER : 530.31 + PROVISIONS SUR CHARGES: 50EUR (avec révision annuelle) DÉPÔT DE GARANTIE : 1000 EUR HONORAIRES: 308.88 EUR (au titre de visites, dossier, rédaction des actes à hauteur de 10EUR/m3 et état des lieux entrant à hauteur de 3EURTTC) Pour consulter nos tarifs :",2023-05-18,seloger,0,1
22456,slg_182286267,sales,Appartement,349700.0,38.53018951079771,9076.0,2.0,False,92700,,,"Appartement neuf
Appartement neuf à vendre - À VENDRE.. APPARTEMENT 2 PIÈCES situé à COLOMBES (92700). Nous vous proposons un appartement de type 2 pièces situé au 3ème étage avec ascenseur. L'appartement d'une surface de 38,53m2 habitable comprenant : - Une entrée. - Un séjour cuisine spacieux et lumineux. - Une Salle d'eau. - 1 Chambre. L'appartement comprend [...]",2022-04-30,seloger,0,1
63322,slg_187153403,rentals,Maison,750.0,39.47368421052632,19.0,2.0,False,33000,,,,2022-06-22,seloger,0,3
16193,slg_182022023,sales,Appartement,215000.0,49.88399071925754,4310.0,2.0,False,91310,,,"Appartement
Appartement à vendre - Votre agence Orpi - Montlhéry Immobilier vous propose cet appartement de type F2 de 49.88 m² au rez-de-jardin d'une résidence moderne et sécurisée, située à proximité du centre-ville de la commune et de tous ses commerces. Ce logement comprend une entrée avec placards, un séjour avec cuisine ouverte aménagée et équipée, une [...]",2022-03-26,seloger,0,1
77899,slg_201935103,sales,Appartement,196000.0,57.20957384705196,3426.0,3.0,False,33600,,,"Appartement
Appartement à vendre - PESSAC - COMPOSTELLE - (Idéal investissement - Colocation). Appartement de type 3 au premier étage comprenant: une entrée avec placards, un séjour de 14 m² environ avec balcon, une cuisine, deux chambres avec balcons dont une avec placards, une salle d'eau, un wc. Un cellier et une place de parking. Charges annuelles [...]",2023-05-03,seloger,0,1
88179,slg_195589379,sales,Appartement,326000.0,40.0,8150.0,2.0,False,94130,,,"Retour de lot ! Superbe 2 pièces de 40m² avec de surface extérieure, dans une future belle résidence de standing à NOGENT-SUR-MARNE. un parking inclus dans le prix. Frais de notaires réduits et faibles charges. Logement BBC, Normes RT2012 et HQE. Logement NF, personnalisable sur demande. Accessible PMR. *Photos non contractuelles, suggestions d'aménagements. Plans, rendez-vous d'information et réservation sur demande. N'hésitez pas à me joindre (Aurelie). Joignable 7J/7",2022-12-16,seloger,0,1
